category,case,sample,elapsed_ns,rows,hits,misses,evictions,selected_id
overhead,timer_pair,0,100,0,0,0,0,-1
overhead,timer_pair,1,100,0,0,0,0,-1
overhead,timer_pair,2,100,0,0,0,0,-1
overhead,timer_pair,3,0,0,0,0,0,-1
overhead,timer_pair,4,100,0,0,0,0,-1
overhead,timer_pair,5,0,0,0,0,0,-1
overhead,timer_pair,6,0,0,0,0,0,-1
overhead,timer_pair,7,100,0,0,0,0,-1
overhead,timer_pair,8,0,0,0,0,0,-1
overhead,timer_pair,9,0,0,0,0,0,-1
overhead,timer_pair,10,0,0,0,0,0,-1
overhead,timer_pair,11,0,0,0,0,0,-1
overhead,timer_pair,12,0,0,0,0,0,-1
overhead,timer_pair,13,0,0,0,0,0,-1
overhead,timer_pair,14,100,0,0,0,0,-1
overhead,timer_pair,15,100,0,0,0,0,-1
overhead,timer_pair,16,0,0,0,0,0,-1
overhead,timer_pair,17,0,0,0,0,0,-1
overhead,timer_pair,18,100,0,0,0,0,-1
overhead,timer_pair,19,0,0,0,0,0,-1
overhead,timer_pair,20,0,0,0,0,0,-1
overhead,timer_pair,21,0,0,0,0,0,-1
overhead,timer_pair,22,0,0,0,0,0,-1
overhead,timer_pair,23,0,0,0,0,0,-1
overhead,timer_pair,24,100,0,0,0,0,-1
overhead,timer_pair,25,0,0,0,0,0,-1
overhead,timer_pair,26,0,0,0,0,0,-1
overhead,timer_pair,27,0,0,0,0,0,-1
overhead,timer_pair,28,0,0,0,0,0,-1
overhead,timer_pair,29,100,0,0,0,0,-1
overhead,timer_pair,30,100,0,0,0,0,-1
overhead,timer_pair,31,100,0,0,0,0,-1
overhead,timer_pair,32,100,0,0,0,0,-1
overhead,timer_pair,33,0,0,0,0,0,-1
overhead,timer_pair,34,0,0,0,0,0,-1
overhead,timer_pair,35,100,0,0,0,0,-1
overhead,timer_pair,36,100,0,0,0,0,-1
overhead,timer_pair,37,0,0,0,0,0,-1
overhead,timer_pair,38,0,0,0,0,0,-1
overhead,timer_pair,39,0,0,0,0,0,-1
overhead,timer_pair,40,0,0,0,0,0,-1
overhead,timer_pair,41,100,0,0,0,0,-1
overhead,timer_pair,42,0,0,0,0,0,-1
overhead,timer_pair,43,0,0,0,0,0,-1
overhead,timer_pair,44,100,0,0,0,0,-1
overhead,timer_pair,45,100,0,0,0,0,-1
overhead,timer_pair,46,100,0,0,0,0,-1
overhead,timer_pair,47,100,0,0,0,0,-1
overhead,timer_pair,48,0,0,0,0,0,-1
overhead,timer_pair,49,0,0,0,0,0,-1
overhead,timer_pair,50,100,0,0,0,0,-1
overhead,timer_pair,51,0,0,0,0,0,-1
overhead,timer_pair,52,0,0,0,0,0,-1
overhead,timer_pair,53,100,0,0,0,0,-1
overhead,timer_pair,54,100,0,0,0,0,-1
overhead,timer_pair,55,100,0,0,0,0,-1
overhead,timer_pair,56,0,0,0,0,0,-1
overhead,timer_pair,57,0,0,0,0,0,-1
overhead,timer_pair,58,100,0,0,0,0,-1
overhead,timer_pair,59,0,0,0,0,0,-1
overhead,timer_pair,60,0,0,0,0,0,-1
overhead,timer_pair,61,100,0,0,0,0,-1
overhead,timer_pair,62,0,0,0,0,0,-1
overhead,timer_pair,63,100,0,0,0,0,-1
overhead,timer_pair,64,0,0,0,0,0,-1
overhead,timer_pair,65,100,0,0,0,0,-1
overhead,timer_pair,66,100,0,0,0,0,-1
overhead,timer_pair,67,0,0,0,0,0,-1
overhead,timer_pair,68,0,0,0,0,0,-1
overhead,timer_pair,69,100,0,0,0,0,-1
overhead,timer_pair,70,0,0,0,0,0,-1
overhead,timer_pair,71,100,0,0,0,0,-1
overhead,timer_pair,72,0,0,0,0,0,-1
overhead,timer_pair,73,100,0,0,0,0,-1
overhead,timer_pair,74,0,0,0,0,0,-1
overhead,timer_pair,75,100,0,0,0,0,-1
overhead,timer_pair,76,0,0,0,0,0,-1
overhead,timer_pair,77,0,0,0,0,0,-1
overhead,timer_pair,78,100,0,0,0,0,-1
overhead,timer_pair,79,0,0,0,0,0,-1
overhead,timer_pair,80,100,0,0,0,0,-1
overhead,timer_pair,81,0,0,0,0,0,-1
overhead,timer_pair,82,0,0,0,0,0,-1
overhead,timer_pair,83,0,0,0,0,0,-1
overhead,timer_pair,84,0,0,0,0,0,-1
overhead,timer_pair,85,0,0,0,0,0,-1
overhead,timer_pair,86,100,0,0,0,0,-1
overhead,timer_pair,87,0,0,0,0,0,-1
overhead,timer_pair,88,0,0,0,0,0,-1
overhead,timer_pair,89,100,0,0,0,0,-1
overhead,timer_pair,90,100,0,0,0,0,-1
overhead,timer_pair,91,0,0,0,0,0,-1
overhead,timer_pair,92,100,0,0,0,0,-1
overhead,timer_pair,93,0,0,0,0,0,-1
overhead,timer_pair,94,0,0,0,0,0,-1
overhead,timer_pair,95,0,0,0,0,0,-1
overhead,timer_pair,96,100,0,0,0,0,-1
overhead,timer_pair,97,0,0,0,0,0,-1
overhead,timer_pair,98,100,0,0,0,0,-1
overhead,timer_pair,99,100,0,0,0,0,-1
overhead,timer_pair,100,0,0,0,0,0,-1
overhead,timer_pair,101,0,0,0,0,0,-1
overhead,timer_pair,102,100,0,0,0,0,-1
overhead,timer_pair,103,0,0,0,0,0,-1
overhead,timer_pair,104,0,0,0,0,0,-1
overhead,timer_pair,105,0,0,0,0,0,-1
overhead,timer_pair,106,0,0,0,0,0,-1
overhead,timer_pair,107,0,0,0,0,0,-1
overhead,timer_pair,108,100,0,0,0,0,-1
overhead,timer_pair,109,100,0,0,0,0,-1
overhead,timer_pair,110,100,0,0,0,0,-1
overhead,timer_pair,111,100,0,0,0,0,-1
overhead,timer_pair,112,0,0,0,0,0,-1
overhead,timer_pair,113,0,0,0,0,0,-1
overhead,timer_pair,114,0,0,0,0,0,-1
overhead,timer_pair,115,0,0,0,0,0,-1
overhead,timer_pair,116,0,0,0,0,0,-1
overhead,timer_pair,117,100,0,0,0,0,-1
overhead,timer_pair,118,100,0,0,0,0,-1
overhead,timer_pair,119,100,0,0,0,0,-1
overhead,timer_pair,120,0,0,0,0,0,-1
overhead,timer_pair,121,0,0,0,0,0,-1
overhead,timer_pair,122,100,0,0,0,0,-1
overhead,timer_pair,123,0,0,0,0,0,-1
overhead,timer_pair,124,100,0,0,0,0,-1
overhead,timer_pair,125,0,0,0,0,0,-1
overhead,timer_pair,126,0,0,0,0,0,-1
overhead,timer_pair,127,0,0,0,0,0,-1
overhead,timer_pair,128,0,0,0,0,0,-1
overhead,timer_pair,129,0,0,0,0,0,-1
overhead,timer_pair,130,0,0,0,0,0,-1
overhead,timer_pair,131,0,0,0,0,0,-1
overhead,timer_pair,132,100,0,0,0,0,-1
overhead,timer_pair,133,0,0,0,0,0,-1
overhead,timer_pair,134,100,0,0,0,0,-1
overhead,timer_pair,135,0,0,0,0,0,-1
overhead,timer_pair,136,100,0,0,0,0,-1
overhead,timer_pair,137,0,0,0,0,0,-1
overhead,timer_pair,138,0,0,0,0,0,-1
overhead,timer_pair,139,100,0,0,0,0,-1
overhead,timer_pair,140,0,0,0,0,0,-1
overhead,timer_pair,141,0,0,0,0,0,-1
overhead,timer_pair,142,100,0,0,0,0,-1
overhead,timer_pair,143,0,0,0,0,0,-1
overhead,timer_pair,144,0,0,0,0,0,-1
overhead,timer_pair,145,0,0,0,0,0,-1
overhead,timer_pair,146,100,0,0,0,0,-1
overhead,timer_pair,147,0,0,0,0,0,-1
overhead,timer_pair,148,100,0,0,0,0,-1
overhead,timer_pair,149,0,0,0,0,0,-1
overhead,timer_pair,150,100,0,0,0,0,-1
overhead,timer_pair,151,100,0,0,0,0,-1
overhead,timer_pair,152,0,0,0,0,0,-1
overhead,timer_pair,153,100,0,0,0,0,-1
overhead,timer_pair,154,100,0,0,0,0,-1
overhead,timer_pair,155,0,0,0,0,0,-1
overhead,timer_pair,156,0,0,0,0,0,-1
overhead,timer_pair,157,100,0,0,0,0,-1
overhead,timer_pair,158,100,0,0,0,0,-1
overhead,timer_pair,159,100,0,0,0,0,-1
overhead,timer_pair,160,0,0,0,0,0,-1
overhead,timer_pair,161,0,0,0,0,0,-1
overhead,timer_pair,162,100,0,0,0,0,-1
overhead,timer_pair,163,0,0,0,0,0,-1
overhead,timer_pair,164,100,0,0,0,0,-1
overhead,timer_pair,165,100,0,0,0,0,-1
overhead,timer_pair,166,0,0,0,0,0,-1
overhead,timer_pair,167,100,0,0,0,0,-1
overhead,timer_pair,168,100,0,0,0,0,-1
overhead,timer_pair,169,100,0,0,0,0,-1
overhead,timer_pair,170,0,0,0,0,0,-1
overhead,timer_pair,171,0,0,0,0,0,-1
overhead,timer_pair,172,0,0,0,0,0,-1
overhead,timer_pair,173,100,0,0,0,0,-1
overhead,timer_pair,174,0,0,0,0,0,-1
overhead,timer_pair,175,0,0,0,0,0,-1
overhead,timer_pair,176,100,0,0,0,0,-1
overhead,timer_pair,177,0,0,0,0,0,-1
overhead,timer_pair,178,0,0,0,0,0,-1
overhead,timer_pair,179,0,0,0,0,0,-1
overhead,timer_pair,180,0,0,0,0,0,-1
overhead,timer_pair,181,0,0,0,0,0,-1
overhead,timer_pair,182,0,0,0,0,0,-1
overhead,timer_pair,183,100,0,0,0,0,-1
overhead,timer_pair,184,0,0,0,0,0,-1
overhead,timer_pair,185,0,0,0,0,0,-1
overhead,timer_pair,186,0,0,0,0,0,-1
overhead,timer_pair,187,100,0,0,0,0,-1
overhead,timer_pair,188,100,0,0,0,0,-1
overhead,timer_pair,189,0,0,0,0,0,-1
overhead,timer_pair,190,0,0,0,0,0,-1
overhead,timer_pair,191,0,0,0,0,0,-1
overhead,timer_pair,192,100,0,0,0,0,-1
overhead,timer_pair,193,0,0,0,0,0,-1
overhead,timer_pair,194,100,0,0,0,0,-1
overhead,timer_pair,195,0,0,0,0,0,-1
overhead,timer_pair,196,100,0,0,0,0,-1
overhead,timer_pair,197,0,0,0,0,0,-1
overhead,timer_pair,198,0,0,0,0,0,-1
overhead,timer_pair,199,0,0,0,0,0,-1
overhead,timer_pair,200,100,0,0,0,0,-1
overhead,timer_pair,201,100,0,0,0,0,-1
overhead,timer_pair,202,0,0,0,0,0,-1
overhead,timer_pair,203,100,0,0,0,0,-1
overhead,timer_pair,204,0,0,0,0,0,-1
overhead,timer_pair,205,0,0,0,0,0,-1
overhead,timer_pair,206,100,0,0,0,0,-1
overhead,timer_pair,207,0,0,0,0,0,-1
overhead,timer_pair,208,100,0,0,0,0,-1
overhead,timer_pair,209,0,0,0,0,0,-1
overhead,timer_pair,210,100,0,0,0,0,-1
overhead,timer_pair,211,0,0,0,0,0,-1
overhead,timer_pair,212,0,0,0,0,0,-1
overhead,timer_pair,213,100,0,0,0,0,-1
overhead,timer_pair,214,100,0,0,0,0,-1
overhead,timer_pair,215,0,0,0,0,0,-1
overhead,timer_pair,216,0,0,0,0,0,-1
overhead,timer_pair,217,0,0,0,0,0,-1
overhead,timer_pair,218,100,0,0,0,0,-1
overhead,timer_pair,219,0,0,0,0,0,-1
overhead,timer_pair,220,100,0,0,0,0,-1
overhead,timer_pair,221,0,0,0,0,0,-1
overhead,timer_pair,222,100,0,0,0,0,-1
overhead,timer_pair,223,100,0,0,0,0,-1
overhead,timer_pair,224,0,0,0,0,0,-1
overhead,timer_pair,225,0,0,0,0,0,-1
overhead,timer_pair,226,100,0,0,0,0,-1
overhead,timer_pair,227,0,0,0,0,0,-1
overhead,timer_pair,228,0,0,0,0,0,-1
overhead,timer_pair,229,100,0,0,0,0,-1
overhead,timer_pair,230,0,0,0,0,0,-1
overhead,timer_pair,231,0,0,0,0,0,-1
overhead,timer_pair,232,100,0,0,0,0,-1
overhead,timer_pair,233,0,0,0,0,0,-1
overhead,timer_pair,234,100,0,0,0,0,-1
overhead,timer_pair,235,0,0,0,0,0,-1
overhead,timer_pair,236,0,0,0,0,0,-1
overhead,timer_pair,237,100,0,0,0,0,-1
overhead,timer_pair,238,0,0,0,0,0,-1
overhead,timer_pair,239,100,0,0,0,0,-1
overhead,timer_pair,240,100,0,0,0,0,-1
overhead,timer_pair,241,0,0,0,0,0,-1
overhead,timer_pair,242,100,0,0,0,0,-1
overhead,timer_pair,243,100,0,0,0,0,-1
overhead,timer_pair,244,0,0,0,0,0,-1
overhead,timer_pair,245,100,0,0,0,0,-1
overhead,timer_pair,246,0,0,0,0,0,-1
overhead,timer_pair,247,0,0,0,0,0,-1
overhead,timer_pair,248,0,0,0,0,0,-1
overhead,timer_pair,249,0,0,0,0,0,-1
overhead,timer_pair,250,0,0,0,0,0,-1
overhead,timer_pair,251,0,0,0,0,0,-1
overhead,timer_pair,252,0,0,0,0,0,-1
overhead,timer_pair,253,0,0,0,0,0,-1
overhead,timer_pair,254,100,0,0,0,0,-1
overhead,timer_pair,255,0,0,0,0,0,-1
overhead,timer_pair,256,100,0,0,0,0,-1
overhead,timer_pair,257,0,0,0,0,0,-1
overhead,timer_pair,258,100,0,0,0,0,-1
overhead,timer_pair,259,0,0,0,0,0,-1
overhead,timer_pair,260,0,0,0,0,0,-1
overhead,timer_pair,261,0,0,0,0,0,-1
overhead,timer_pair,262,0,0,0,0,0,-1
overhead,timer_pair,263,100,0,0,0,0,-1
overhead,timer_pair,264,0,0,0,0,0,-1
overhead,timer_pair,265,0,0,0,0,0,-1
overhead,timer_pair,266,100,0,0,0,0,-1
overhead,timer_pair,267,100,0,0,0,0,-1
overhead,timer_pair,268,100,0,0,0,0,-1
overhead,timer_pair,269,100,0,0,0,0,-1
overhead,timer_pair,270,100,0,0,0,0,-1
overhead,timer_pair,271,0,0,0,0,0,-1
overhead,timer_pair,272,100,0,0,0,0,-1
overhead,timer_pair,273,0,0,0,0,0,-1
overhead,timer_pair,274,100,0,0,0,0,-1
overhead,timer_pair,275,100,0,0,0,0,-1
overhead,timer_pair,276,100,0,0,0,0,-1
overhead,timer_pair,277,100,0,0,0,0,-1
overhead,timer_pair,278,0,0,0,0,0,-1
overhead,timer_pair,279,0,0,0,0,0,-1
overhead,timer_pair,280,100,0,0,0,0,-1
overhead,timer_pair,281,0,0,0,0,0,-1
overhead,timer_pair,282,100,0,0,0,0,-1
overhead,timer_pair,283,100,0,0,0,0,-1
overhead,timer_pair,284,100,0,0,0,0,-1
overhead,timer_pair,285,100,0,0,0,0,-1
overhead,timer_pair,286,0,0,0,0,0,-1
overhead,timer_pair,287,0,0,0,0,0,-1
overhead,timer_pair,288,100,0,0,0,0,-1
overhead,timer_pair,289,0,0,0,0,0,-1
overhead,timer_pair,290,100,0,0,0,0,-1
overhead,timer_pair,291,100,0,0,0,0,-1
overhead,timer_pair,292,100,0,0,0,0,-1
overhead,timer_pair,293,0,0,0,0,0,-1
overhead,timer_pair,294,100,0,0,0,0,-1
overhead,timer_pair,295,0,0,0,0,0,-1
overhead,timer_pair,296,100,0,0,0,0,-1
overhead,timer_pair,297,0,0,0,0,0,-1
overhead,timer_pair,298,100,0,0,0,0,-1
overhead,timer_pair,299,100,0,0,0,0,-1
overhead,timer_pair,300,100,0,0,0,0,-1
overhead,timer_pair,301,100,0,0,0,0,-1
overhead,timer_pair,302,0,0,0,0,0,-1
overhead,timer_pair,303,100,0,0,0,0,-1
overhead,timer_pair,304,100,0,0,0,0,-1
overhead,timer_pair,305,100,0,0,0,0,-1
overhead,timer_pair,306,0,0,0,0,0,-1
overhead,timer_pair,307,0,0,0,0,0,-1
overhead,timer_pair,308,100,0,0,0,0,-1
overhead,timer_pair,309,100,0,0,0,0,-1
overhead,timer_pair,310,0,0,0,0,0,-1
overhead,timer_pair,311,100,0,0,0,0,-1
overhead,timer_pair,312,0,0,0,0,0,-1
overhead,timer_pair,313,0,0,0,0,0,-1
overhead,timer_pair,314,100,0,0,0,0,-1
overhead,timer_pair,315,100,0,0,0,0,-1
overhead,timer_pair,316,0,0,0,0,0,-1
overhead,timer_pair,317,100,0,0,0,0,-1
overhead,timer_pair,318,100,0,0,0,0,-1
overhead,timer_pair,319,100,0,0,0,0,-1
overhead,timer_pair,320,0,0,0,0,0,-1
overhead,timer_pair,321,100,0,0,0,0,-1
overhead,timer_pair,322,0,0,0,0,0,-1
overhead,timer_pair,323,100,0,0,0,0,-1
overhead,timer_pair,324,100,0,0,0,0,-1
overhead,timer_pair,325,100,0,0,0,0,-1
overhead,timer_pair,326,0,0,0,0,0,-1
overhead,timer_pair,327,100,0,0,0,0,-1
overhead,timer_pair,328,100,0,0,0,0,-1
overhead,timer_pair,329,0,0,0,0,0,-1
overhead,timer_pair,330,100,0,0,0,0,-1
overhead,timer_pair,331,0,0,0,0,0,-1
overhead,timer_pair,332,0,0,0,0,0,-1
overhead,timer_pair,333,0,0,0,0,0,-1
overhead,timer_pair,334,100,0,0,0,0,-1
overhead,timer_pair,335,100,0,0,0,0,-1
overhead,timer_pair,336,100,0,0,0,0,-1
overhead,timer_pair,337,100,0,0,0,0,-1
overhead,timer_pair,338,100,0,0,0,0,-1
overhead,timer_pair,339,0,0,0,0,0,-1
overhead,timer_pair,340,100,0,0,0,0,-1
overhead,timer_pair,341,0,0,0,0,0,-1
overhead,timer_pair,342,0,0,0,0,0,-1
overhead,timer_pair,343,100,0,0,0,0,-1
overhead,timer_pair,344,0,0,0,0,0,-1
overhead,timer_pair,345,0,0,0,0,0,-1
overhead,timer_pair,346,0,0,0,0,0,-1
overhead,timer_pair,347,100,0,0,0,0,-1
overhead,timer_pair,348,0,0,0,0,0,-1
overhead,timer_pair,349,0,0,0,0,0,-1
overhead,timer_pair,350,0,0,0,0,0,-1
overhead,timer_pair,351,0,0,0,0,0,-1
overhead,timer_pair,352,100,0,0,0,0,-1
overhead,timer_pair,353,0,0,0,0,0,-1
overhead,timer_pair,354,100,0,0,0,0,-1
overhead,timer_pair,355,100,0,0,0,0,-1
overhead,timer_pair,356,100,0,0,0,0,-1
overhead,timer_pair,357,0,0,0,0,0,-1
overhead,timer_pair,358,0,0,0,0,0,-1
overhead,timer_pair,359,0,0,0,0,0,-1
overhead,timer_pair,360,0,0,0,0,0,-1
overhead,timer_pair,361,0,0,0,0,0,-1
overhead,timer_pair,362,100,0,0,0,0,-1
overhead,timer_pair,363,0,0,0,0,0,-1
overhead,timer_pair,364,100,0,0,0,0,-1
overhead,timer_pair,365,100,0,0,0,0,-1
overhead,timer_pair,366,0,0,0,0,0,-1
overhead,timer_pair,367,0,0,0,0,0,-1
overhead,timer_pair,368,100,0,0,0,0,-1
overhead,timer_pair,369,0,0,0,0,0,-1
overhead,timer_pair,370,0,0,0,0,0,-1
overhead,timer_pair,371,100,0,0,0,0,-1
overhead,timer_pair,372,100,0,0,0,0,-1
overhead,timer_pair,373,0,0,0,0,0,-1
overhead,timer_pair,374,100,0,0,0,0,-1
overhead,timer_pair,375,0,0,0,0,0,-1
overhead,timer_pair,376,0,0,0,0,0,-1
overhead,timer_pair,377,0,0,0,0,0,-1
overhead,timer_pair,378,0,0,0,0,0,-1
overhead,timer_pair,379,0,0,0,0,0,-1
overhead,timer_pair,380,0,0,0,0,0,-1
overhead,timer_pair,381,0,0,0,0,0,-1
overhead,timer_pair,382,0,0,0,0,0,-1
overhead,timer_pair,383,0,0,0,0,0,-1
overhead,timer_pair,384,0,0,0,0,0,-1
overhead,timer_pair,385,100,0,0,0,0,-1
overhead,timer_pair,386,0,0,0,0,0,-1
overhead,timer_pair,387,100,0,0,0,0,-1
overhead,timer_pair,388,0,0,0,0,0,-1
overhead,timer_pair,389,0,0,0,0,0,-1
overhead,timer_pair,390,0,0,0,0,0,-1
overhead,timer_pair,391,100,0,0,0,0,-1
overhead,timer_pair,392,100,0,0,0,0,-1
overhead,timer_pair,393,0,0,0,0,0,-1
overhead,timer_pair,394,0,0,0,0,0,-1
overhead,timer_pair,395,0,0,0,0,0,-1
overhead,timer_pair,396,0,0,0,0,0,-1
overhead,timer_pair,397,0,0,0,0,0,-1
overhead,timer_pair,398,100,0,0,0,0,-1
overhead,timer_pair,399,0,0,0,0,0,-1
overhead,timer_pair,400,0,0,0,0,0,-1
overhead,timer_pair,401,100,0,0,0,0,-1
overhead,timer_pair,402,0,0,0,0,0,-1
overhead,timer_pair,403,100,0,0,0,0,-1
overhead,timer_pair,404,0,0,0,0,0,-1
overhead,timer_pair,405,0,0,0,0,0,-1
overhead,timer_pair,406,100,0,0,0,0,-1
overhead,timer_pair,407,100,0,0,0,0,-1
overhead,timer_pair,408,0,0,0,0,0,-1
overhead,timer_pair,409,0,0,0,0,0,-1
overhead,timer_pair,410,0,0,0,0,0,-1
overhead,timer_pair,411,0,0,0,0,0,-1
overhead,timer_pair,412,0,0,0,0,0,-1
overhead,timer_pair,413,100,0,0,0,0,-1
overhead,timer_pair,414,0,0,0,0,0,-1
overhead,timer_pair,415,100,0,0,0,0,-1
overhead,timer_pair,416,0,0,0,0,0,-1
overhead,timer_pair,417,0,0,0,0,0,-1
overhead,timer_pair,418,100,0,0,0,0,-1
overhead,timer_pair,419,0,0,0,0,0,-1
overhead,timer_pair,420,0,0,0,0,0,-1
overhead,timer_pair,421,100,0,0,0,0,-1
overhead,timer_pair,422,0,0,0,0,0,-1
overhead,timer_pair,423,100,0,0,0,0,-1
overhead,timer_pair,424,0,0,0,0,0,-1
overhead,timer_pair,425,0,0,0,0,0,-1
overhead,timer_pair,426,0,0,0,0,0,-1
overhead,timer_pair,427,100,0,0,0,0,-1
overhead,timer_pair,428,100,0,0,0,0,-1
overhead,timer_pair,429,0,0,0,0,0,-1
overhead,timer_pair,430,100,0,0,0,0,-1
overhead,timer_pair,431,0,0,0,0,0,-1
overhead,timer_pair,432,0,0,0,0,0,-1
overhead,timer_pair,433,0,0,0,0,0,-1
overhead,timer_pair,434,0,0,0,0,0,-1
overhead,timer_pair,435,100,0,0,0,0,-1
overhead,timer_pair,436,0,0,0,0,0,-1
overhead,timer_pair,437,0,0,0,0,0,-1
overhead,timer_pair,438,0,0,0,0,0,-1
overhead,timer_pair,439,100,0,0,0,0,-1
overhead,timer_pair,440,0,0,0,0,0,-1
overhead,timer_pair,441,0,0,0,0,0,-1
overhead,timer_pair,442,100,0,0,0,0,-1
overhead,timer_pair,443,100,0,0,0,0,-1
overhead,timer_pair,444,100,0,0,0,0,-1
overhead,timer_pair,445,0,0,0,0,0,-1
overhead,timer_pair,446,0,0,0,0,0,-1
overhead,timer_pair,447,0,0,0,0,0,-1
overhead,timer_pair,448,100,0,0,0,0,-1
overhead,timer_pair,449,0,0,0,0,0,-1
overhead,timer_pair,450,0,0,0,0,0,-1
overhead,timer_pair,451,100,0,0,0,0,-1
overhead,timer_pair,452,100,0,0,0,0,-1
overhead,timer_pair,453,100,0,0,0,0,-1
overhead,timer_pair,454,0,0,0,0,0,-1
overhead,timer_pair,455,0,0,0,0,0,-1
overhead,timer_pair,456,0,0,0,0,0,-1
overhead,timer_pair,457,100,0,0,0,0,-1
overhead,timer_pair,458,0,0,0,0,0,-1
overhead,timer_pair,459,0,0,0,0,0,-1
overhead,timer_pair,460,0,0,0,0,0,-1
overhead,timer_pair,461,0,0,0,0,0,-1
overhead,timer_pair,462,0,0,0,0,0,-1
overhead,timer_pair,463,0,0,0,0,0,-1
overhead,timer_pair,464,0,0,0,0,0,-1
overhead,timer_pair,465,100,0,0,0,0,-1
overhead,timer_pair,466,0,0,0,0,0,-1
overhead,timer_pair,467,0,0,0,0,0,-1
overhead,timer_pair,468,100,0,0,0,0,-1
overhead,timer_pair,469,0,0,0,0,0,-1
overhead,timer_pair,470,0,0,0,0,0,-1
overhead,timer_pair,471,0,0,0,0,0,-1
overhead,timer_pair,472,100,0,0,0,0,-1
overhead,timer_pair,473,0,0,0,0,0,-1
overhead,timer_pair,474,100,0,0,0,0,-1
overhead,timer_pair,475,0,0,0,0,0,-1
overhead,timer_pair,476,100,0,0,0,0,-1
overhead,timer_pair,477,0,0,0,0,0,-1
overhead,timer_pair,478,0,0,0,0,0,-1
overhead,timer_pair,479,0,0,0,0,0,-1
overhead,timer_pair,480,0,0,0,0,0,-1
overhead,timer_pair,481,0,0,0,0,0,-1
overhead,timer_pair,482,100,0,0,0,0,-1
overhead,timer_pair,483,0,0,0,0,0,-1
overhead,timer_pair,484,100,0,0,0,0,-1
overhead,timer_pair,485,0,0,0,0,0,-1
overhead,timer_pair,486,0,0,0,0,0,-1
overhead,timer_pair,487,0,0,0,0,0,-1
overhead,timer_pair,488,0,0,0,0,0,-1
overhead,timer_pair,489,0,0,0,0,0,-1
overhead,timer_pair,490,100,0,0,0,0,-1
overhead,timer_pair,491,100,0,0,0,0,-1
overhead,timer_pair,492,0,0,0,0,0,-1
overhead,timer_pair,493,0,0,0,0,0,-1
overhead,timer_pair,494,100,0,0,0,0,-1
overhead,timer_pair,495,0,0,0,0,0,-1
overhead,timer_pair,496,0,0,0,0,0,-1
overhead,timer_pair,497,100,0,0,0,0,-1
overhead,timer_pair,498,100,0,0,0,0,-1
overhead,timer_pair,499,100,0,0,0,0,-1
overhead,timer_pair,500,0,0,0,0,0,-1
overhead,timer_pair,501,0,0,0,0,0,-1
overhead,timer_pair,502,0,0,0,0,0,-1
overhead,timer_pair,503,100,0,0,0,0,-1
overhead,timer_pair,504,100,0,0,0,0,-1
overhead,timer_pair,505,100,0,0,0,0,-1
overhead,timer_pair,506,0,0,0,0,0,-1
overhead,timer_pair,507,0,0,0,0,0,-1
overhead,timer_pair,508,0,0,0,0,0,-1
overhead,timer_pair,509,0,0,0,0,0,-1
overhead,timer_pair,510,0,0,0,0,0,-1
overhead,timer_pair,511,0,0,0,0,0,-1
overhead,timer_pair,512,0,0,0,0,0,-1
overhead,timer_pair,513,0,0,0,0,0,-1
overhead,timer_pair,514,0,0,0,0,0,-1
overhead,timer_pair,515,0,0,0,0,0,-1
overhead,timer_pair,516,100,0,0,0,0,-1
overhead,timer_pair,517,100,0,0,0,0,-1
overhead,timer_pair,518,100,0,0,0,0,-1
overhead,timer_pair,519,0,0,0,0,0,-1
overhead,timer_pair,520,0,0,0,0,0,-1
overhead,timer_pair,521,0,0,0,0,0,-1
overhead,timer_pair,522,100,0,0,0,0,-1
overhead,timer_pair,523,0,0,0,0,0,-1
overhead,timer_pair,524,100,0,0,0,0,-1
overhead,timer_pair,525,0,0,0,0,0,-1
overhead,timer_pair,526,0,0,0,0,0,-1
overhead,timer_pair,527,0,0,0,0,0,-1
overhead,timer_pair,528,0,0,0,0,0,-1
overhead,timer_pair,529,0,0,0,0,0,-1
overhead,timer_pair,530,100,0,0,0,0,-1
overhead,timer_pair,531,100,0,0,0,0,-1
overhead,timer_pair,532,100,0,0,0,0,-1
overhead,timer_pair,533,0,0,0,0,0,-1
overhead,timer_pair,534,0,0,0,0,0,-1
overhead,timer_pair,535,0,0,0,0,0,-1
overhead,timer_pair,536,0,0,0,0,0,-1
overhead,timer_pair,537,0,0,0,0,0,-1
overhead,timer_pair,538,0,0,0,0,0,-1
overhead,timer_pair,539,0,0,0,0,0,-1
overhead,timer_pair,540,0,0,0,0,0,-1
overhead,timer_pair,541,0,0,0,0,0,-1
overhead,timer_pair,542,100,0,0,0,0,-1
overhead,timer_pair,543,0,0,0,0,0,-1
overhead,timer_pair,544,100,0,0,0,0,-1
overhead,timer_pair,545,0,0,0,0,0,-1
overhead,timer_pair,546,0,0,0,0,0,-1
overhead,timer_pair,547,0,0,0,0,0,-1
overhead,timer_pair,548,0,0,0,0,0,-1
overhead,timer_pair,549,100,0,0,0,0,-1
overhead,timer_pair,550,0,0,0,0,0,-1
overhead,timer_pair,551,0,0,0,0,0,-1
overhead,timer_pair,552,100,0,0,0,0,-1
overhead,timer_pair,553,0,0,0,0,0,-1
overhead,timer_pair,554,100,0,0,0,0,-1
overhead,timer_pair,555,100,0,0,0,0,-1
overhead,timer_pair,556,0,0,0,0,0,-1
overhead,timer_pair,557,100,0,0,0,0,-1
overhead,timer_pair,558,0,0,0,0,0,-1
overhead,timer_pair,559,100,0,0,0,0,-1
overhead,timer_pair,560,100,0,0,0,0,-1
overhead,timer_pair,561,0,0,0,0,0,-1
overhead,timer_pair,562,0,0,0,0,0,-1
overhead,timer_pair,563,100,0,0,0,0,-1
overhead,timer_pair,564,100,0,0,0,0,-1
overhead,timer_pair,565,0,0,0,0,0,-1
overhead,timer_pair,566,0,0,0,0,0,-1
overhead,timer_pair,567,0,0,0,0,0,-1
overhead,timer_pair,568,100,0,0,0,0,-1
overhead,timer_pair,569,0,0,0,0,0,-1
overhead,timer_pair,570,0,0,0,0,0,-1
overhead,timer_pair,571,100,0,0,0,0,-1
overhead,timer_pair,572,100,0,0,0,0,-1
overhead,timer_pair,573,0,0,0,0,0,-1
overhead,timer_pair,574,0,0,0,0,0,-1
overhead,timer_pair,575,0,0,0,0,0,-1
overhead,timer_pair,576,100,0,0,0,0,-1
overhead,timer_pair,577,100,0,0,0,0,-1
overhead,timer_pair,578,100,0,0,0,0,-1
overhead,timer_pair,579,100,0,0,0,0,-1
overhead,timer_pair,580,0,0,0,0,0,-1
overhead,timer_pair,581,0,0,0,0,0,-1
overhead,timer_pair,582,0,0,0,0,0,-1
overhead,timer_pair,583,100,0,0,0,0,-1
overhead,timer_pair,584,0,0,0,0,0,-1
overhead,timer_pair,585,0,0,0,0,0,-1
overhead,timer_pair,586,100,0,0,0,0,-1
overhead,timer_pair,587,100,0,0,0,0,-1
overhead,timer_pair,588,100,0,0,0,0,-1
overhead,timer_pair,589,100,0,0,0,0,-1
overhead,timer_pair,590,0,0,0,0,0,-1
overhead,timer_pair,591,0,0,0,0,0,-1
overhead,timer_pair,592,0,0,0,0,0,-1
overhead,timer_pair,593,0,0,0,0,0,-1
overhead,timer_pair,594,0,0,0,0,0,-1
overhead,timer_pair,595,0,0,0,0,0,-1
overhead,timer_pair,596,100,0,0,0,0,-1
overhead,timer_pair,597,100,0,0,0,0,-1
overhead,timer_pair,598,0,0,0,0,0,-1
overhead,timer_pair,599,0,0,0,0,0,-1
overhead,timer_pair,600,0,0,0,0,0,-1
overhead,timer_pair,601,0,0,0,0,0,-1
overhead,timer_pair,602,100,0,0,0,0,-1
overhead,timer_pair,603,0,0,0,0,0,-1
overhead,timer_pair,604,0,0,0,0,0,-1
overhead,timer_pair,605,0,0,0,0,0,-1
overhead,timer_pair,606,0,0,0,0,0,-1
overhead,timer_pair,607,0,0,0,0,0,-1
overhead,timer_pair,608,100,0,0,0,0,-1
overhead,timer_pair,609,100,0,0,0,0,-1
overhead,timer_pair,610,0,0,0,0,0,-1
overhead,timer_pair,611,100,0,0,0,0,-1
overhead,timer_pair,612,0,0,0,0,0,-1
overhead,timer_pair,613,0,0,0,0,0,-1
overhead,timer_pair,614,0,0,0,0,0,-1
overhead,timer_pair,615,0,0,0,0,0,-1
overhead,timer_pair,616,0,0,0,0,0,-1
overhead,timer_pair,617,100,0,0,0,0,-1
overhead,timer_pair,618,0,0,0,0,0,-1
overhead,timer_pair,619,100,0,0,0,0,-1
overhead,timer_pair,620,0,0,0,0,0,-1
overhead,timer_pair,621,0,0,0,0,0,-1
overhead,timer_pair,622,0,0,0,0,0,-1
overhead,timer_pair,623,0,0,0,0,0,-1
overhead,timer_pair,624,0,0,0,0,0,-1
overhead,timer_pair,625,100,0,0,0,0,-1
overhead,timer_pair,626,0,0,0,0,0,-1
overhead,timer_pair,627,100,0,0,0,0,-1
overhead,timer_pair,628,0,0,0,0,0,-1
overhead,timer_pair,629,0,0,0,0,0,-1
overhead,timer_pair,630,0,0,0,0,0,-1
overhead,timer_pair,631,0,0,0,0,0,-1
overhead,timer_pair,632,0,0,0,0,0,-1
overhead,timer_pair,633,0,0,0,0,0,-1
overhead,timer_pair,634,0,0,0,0,0,-1
overhead,timer_pair,635,100,0,0,0,0,-1
overhead,timer_pair,636,0,0,0,0,0,-1
overhead,timer_pair,637,0,0,0,0,0,-1
overhead,timer_pair,638,0,0,0,0,0,-1
overhead,timer_pair,639,0,0,0,0,0,-1
overhead,timer_pair,640,0,0,0,0,0,-1
overhead,timer_pair,641,0,0,0,0,0,-1
overhead,timer_pair,642,100,0,0,0,0,-1
overhead,timer_pair,643,0,0,0,0,0,-1
overhead,timer_pair,644,0,0,0,0,0,-1
overhead,timer_pair,645,100,0,0,0,0,-1
overhead,timer_pair,646,0,0,0,0,0,-1
overhead,timer_pair,647,100,0,0,0,0,-1
overhead,timer_pair,648,0,0,0,0,0,-1
overhead,timer_pair,649,100,0,0,0,0,-1
overhead,timer_pair,650,100,0,0,0,0,-1
overhead,timer_pair,651,0,0,0,0,0,-1
overhead,timer_pair,652,0,0,0,0,0,-1
overhead,timer_pair,653,0,0,0,0,0,-1
overhead,timer_pair,654,100,0,0,0,0,-1
overhead,timer_pair,655,0,0,0,0,0,-1
overhead,timer_pair,656,100,0,0,0,0,-1
overhead,timer_pair,657,100,0,0,0,0,-1
overhead,timer_pair,658,100,0,0,0,0,-1
overhead,timer_pair,659,100,0,0,0,0,-1
overhead,timer_pair,660,100,0,0,0,0,-1
overhead,timer_pair,661,0,0,0,0,0,-1
overhead,timer_pair,662,0,0,0,0,0,-1
overhead,timer_pair,663,0,0,0,0,0,-1
overhead,timer_pair,664,0,0,0,0,0,-1
overhead,timer_pair,665,100,0,0,0,0,-1
overhead,timer_pair,666,100,0,0,0,0,-1
overhead,timer_pair,667,0,0,0,0,0,-1
overhead,timer_pair,668,0,0,0,0,0,-1
overhead,timer_pair,669,0,0,0,0,0,-1
overhead,timer_pair,670,0,0,0,0,0,-1
overhead,timer_pair,671,0,0,0,0,0,-1
overhead,timer_pair,672,100,0,0,0,0,-1
overhead,timer_pair,673,0,0,0,0,0,-1
overhead,timer_pair,674,100,0,0,0,0,-1
overhead,timer_pair,675,100,0,0,0,0,-1
overhead,timer_pair,676,0,0,0,0,0,-1
overhead,timer_pair,677,0,0,0,0,0,-1
overhead,timer_pair,678,100,0,0,0,0,-1
overhead,timer_pair,679,0,0,0,0,0,-1
overhead,timer_pair,680,0,0,0,0,0,-1
overhead,timer_pair,681,100,0,0,0,0,-1
overhead,timer_pair,682,100,0,0,0,0,-1
overhead,timer_pair,683,0,0,0,0,0,-1
overhead,timer_pair,684,0,0,0,0,0,-1
overhead,timer_pair,685,100,0,0,0,0,-1
overhead,timer_pair,686,0,0,0,0,0,-1
overhead,timer_pair,687,0,0,0,0,0,-1
overhead,timer_pair,688,0,0,0,0,0,-1
overhead,timer_pair,689,100,0,0,0,0,-1
overhead,timer_pair,690,0,0,0,0,0,-1
overhead,timer_pair,691,100,0,0,0,0,-1
overhead,timer_pair,692,100,0,0,0,0,-1
overhead,timer_pair,693,100,0,0,0,0,-1
overhead,timer_pair,694,0,0,0,0,0,-1
overhead,timer_pair,695,0,0,0,0,0,-1
overhead,timer_pair,696,100,0,0,0,0,-1
overhead,timer_pair,697,0,0,0,0,0,-1
overhead,timer_pair,698,100,0,0,0,0,-1
overhead,timer_pair,699,0,0,0,0,0,-1
overhead,timer_pair,700,0,0,0,0,0,-1
overhead,timer_pair,701,0,0,0,0,0,-1
overhead,timer_pair,702,0,0,0,0,0,-1
overhead,timer_pair,703,100,0,0,0,0,-1
overhead,timer_pair,704,0,0,0,0,0,-1
overhead,timer_pair,705,0,0,0,0,0,-1
overhead,timer_pair,706,0,0,0,0,0,-1
overhead,timer_pair,707,100,0,0,0,0,-1
overhead,timer_pair,708,0,0,0,0,0,-1
overhead,timer_pair,709,100,0,0,0,0,-1
overhead,timer_pair,710,100,0,0,0,0,-1
overhead,timer_pair,711,0,0,0,0,0,-1
overhead,timer_pair,712,0,0,0,0,0,-1
overhead,timer_pair,713,0,0,0,0,0,-1
overhead,timer_pair,714,0,0,0,0,0,-1
overhead,timer_pair,715,0,0,0,0,0,-1
overhead,timer_pair,716,0,0,0,0,0,-1
overhead,timer_pair,717,0,0,0,0,0,-1
overhead,timer_pair,718,0,0,0,0,0,-1
overhead,timer_pair,719,100,0,0,0,0,-1
overhead,timer_pair,720,0,0,0,0,0,-1
overhead,timer_pair,721,0,0,0,0,0,-1
overhead,timer_pair,722,100,0,0,0,0,-1
overhead,timer_pair,723,100,0,0,0,0,-1
overhead,timer_pair,724,0,0,0,0,0,-1
overhead,timer_pair,725,0,0,0,0,0,-1
overhead,timer_pair,726,100,0,0,0,0,-1
overhead,timer_pair,727,0,0,0,0,0,-1
overhead,timer_pair,728,0,0,0,0,0,-1
overhead,timer_pair,729,0,0,0,0,0,-1
overhead,timer_pair,730,100,0,0,0,0,-1
overhead,timer_pair,731,0,0,0,0,0,-1
overhead,timer_pair,732,100,0,0,0,0,-1
overhead,timer_pair,733,0,0,0,0,0,-1
overhead,timer_pair,734,0,0,0,0,0,-1
overhead,timer_pair,735,100,0,0,0,0,-1
overhead,timer_pair,736,0,0,0,0,0,-1
overhead,timer_pair,737,100,0,0,0,0,-1
overhead,timer_pair,738,0,0,0,0,0,-1
overhead,timer_pair,739,100,0,0,0,0,-1
overhead,timer_pair,740,0,0,0,0,0,-1
overhead,timer_pair,741,0,0,0,0,0,-1
overhead,timer_pair,742,100,0,0,0,0,-1
overhead,timer_pair,743,0,0,0,0,0,-1
overhead,timer_pair,744,100,0,0,0,0,-1
overhead,timer_pair,745,0,0,0,0,0,-1
overhead,timer_pair,746,100,0,0,0,0,-1
overhead,timer_pair,747,0,0,0,0,0,-1
overhead,timer_pair,748,0,0,0,0,0,-1
overhead,timer_pair,749,0,0,0,0,0,-1
overhead,timer_pair,750,100,0,0,0,0,-1
overhead,timer_pair,751,0,0,0,0,0,-1
overhead,timer_pair,752,0,0,0,0,0,-1
overhead,timer_pair,753,100,0,0,0,0,-1
overhead,timer_pair,754,100,0,0,0,0,-1
overhead,timer_pair,755,0,0,0,0,0,-1
overhead,timer_pair,756,0,0,0,0,0,-1
overhead,timer_pair,757,0,0,0,0,0,-1
overhead,timer_pair,758,0,0,0,0,0,-1
overhead,timer_pair,759,0,0,0,0,0,-1
overhead,timer_pair,760,0,0,0,0,0,-1
overhead,timer_pair,761,0,0,0,0,0,-1
overhead,timer_pair,762,100,0,0,0,0,-1
overhead,timer_pair,763,100,0,0,0,0,-1
overhead,timer_pair,764,0,0,0,0,0,-1
overhead,timer_pair,765,0,0,0,0,0,-1
overhead,timer_pair,766,0,0,0,0,0,-1
overhead,timer_pair,767,0,0,0,0,0,-1
overhead,timer_pair,768,100,0,0,0,0,-1
overhead,timer_pair,769,0,0,0,0,0,-1
overhead,timer_pair,770,100,0,0,0,0,-1
overhead,timer_pair,771,100,0,0,0,0,-1
overhead,timer_pair,772,0,0,0,0,0,-1
overhead,timer_pair,773,100,0,0,0,0,-1
overhead,timer_pair,774,0,0,0,0,0,-1
overhead,timer_pair,775,0,0,0,0,0,-1
overhead,timer_pair,776,100,0,0,0,0,-1
overhead,timer_pair,777,0,0,0,0,0,-1
overhead,timer_pair,778,100,0,0,0,0,-1
overhead,timer_pair,779,100,0,0,0,0,-1
overhead,timer_pair,780,100,0,0,0,0,-1
overhead,timer_pair,781,0,0,0,0,0,-1
overhead,timer_pair,782,0,0,0,0,0,-1
overhead,timer_pair,783,100,0,0,0,0,-1
overhead,timer_pair,784,0,0,0,0,0,-1
overhead,timer_pair,785,100,0,0,0,0,-1
overhead,timer_pair,786,100,0,0,0,0,-1
overhead,timer_pair,787,0,0,0,0,0,-1
overhead,timer_pair,788,0,0,0,0,0,-1
overhead,timer_pair,789,0,0,0,0,0,-1
overhead,timer_pair,790,0,0,0,0,0,-1
overhead,timer_pair,791,0,0,0,0,0,-1
overhead,timer_pair,792,0,0,0,0,0,-1
overhead,timer_pair,793,100,0,0,0,0,-1
overhead,timer_pair,794,100,0,0,0,0,-1
overhead,timer_pair,795,100,0,0,0,0,-1
overhead,timer_pair,796,0,0,0,0,0,-1
overhead,timer_pair,797,0,0,0,0,0,-1
overhead,timer_pair,798,0,0,0,0,0,-1
overhead,timer_pair,799,100,0,0,0,0,-1
overhead,timer_pair,800,100,0,0,0,0,-1
overhead,timer_pair,801,0,0,0,0,0,-1
overhead,timer_pair,802,100,0,0,0,0,-1
overhead,timer_pair,803,100,0,0,0,0,-1
overhead,timer_pair,804,100,0,0,0,0,-1
overhead,timer_pair,805,100,0,0,0,0,-1
overhead,timer_pair,806,0,0,0,0,0,-1
overhead,timer_pair,807,0,0,0,0,0,-1
overhead,timer_pair,808,100,0,0,0,0,-1
overhead,timer_pair,809,0,0,0,0,0,-1
overhead,timer_pair,810,0,0,0,0,0,-1
overhead,timer_pair,811,100,0,0,0,0,-1
overhead,timer_pair,812,0,0,0,0,0,-1
overhead,timer_pair,813,0,0,0,0,0,-1
overhead,timer_pair,814,0,0,0,0,0,-1
overhead,timer_pair,815,0,0,0,0,0,-1
overhead,timer_pair,816,100,0,0,0,0,-1
overhead,timer_pair,817,0,0,0,0,0,-1
overhead,timer_pair,818,0,0,0,0,0,-1
overhead,timer_pair,819,0,0,0,0,0,-1
overhead,timer_pair,820,100,0,0,0,0,-1
overhead,timer_pair,821,0,0,0,0,0,-1
overhead,timer_pair,822,0,0,0,0,0,-1
overhead,timer_pair,823,100,0,0,0,0,-1
overhead,timer_pair,824,0,0,0,0,0,-1
overhead,timer_pair,825,0,0,0,0,0,-1
overhead,timer_pair,826,0,0,0,0,0,-1
overhead,timer_pair,827,0,0,0,0,0,-1
overhead,timer_pair,828,100,0,0,0,0,-1
overhead,timer_pair,829,0,0,0,0,0,-1
overhead,timer_pair,830,0,0,0,0,0,-1
overhead,timer_pair,831,0,0,0,0,0,-1
overhead,timer_pair,832,0,0,0,0,0,-1
overhead,timer_pair,833,100,0,0,0,0,-1
overhead,timer_pair,834,0,0,0,0,0,-1
overhead,timer_pair,835,100,0,0,0,0,-1
overhead,timer_pair,836,0,0,0,0,0,-1
overhead,timer_pair,837,100,0,0,0,0,-1
overhead,timer_pair,838,100,0,0,0,0,-1
overhead,timer_pair,839,100,0,0,0,0,-1
overhead,timer_pair,840,0,0,0,0,0,-1
overhead,timer_pair,841,0,0,0,0,0,-1
overhead,timer_pair,842,0,0,0,0,0,-1
overhead,timer_pair,843,100,0,0,0,0,-1
overhead,timer_pair,844,0,0,0,0,0,-1
overhead,timer_pair,845,0,0,0,0,0,-1
overhead,timer_pair,846,0,0,0,0,0,-1
overhead,timer_pair,847,0,0,0,0,0,-1
overhead,timer_pair,848,0,0,0,0,0,-1
overhead,timer_pair,849,0,0,0,0,0,-1
overhead,timer_pair,850,100,0,0,0,0,-1
overhead,timer_pair,851,0,0,0,0,0,-1
overhead,timer_pair,852,0,0,0,0,0,-1
overhead,timer_pair,853,100,0,0,0,0,-1
overhead,timer_pair,854,100,0,0,0,0,-1
overhead,timer_pair,855,0,0,0,0,0,-1
overhead,timer_pair,856,0,0,0,0,0,-1
overhead,timer_pair,857,0,0,0,0,0,-1
overhead,timer_pair,858,100,0,0,0,0,-1
overhead,timer_pair,859,0,0,0,0,0,-1
overhead,timer_pair,860,100,0,0,0,0,-1
overhead,timer_pair,861,100,0,0,0,0,-1
overhead,timer_pair,862,100,0,0,0,0,-1
overhead,timer_pair,863,0,0,0,0,0,-1
overhead,timer_pair,864,0,0,0,0,0,-1
overhead,timer_pair,865,0,0,0,0,0,-1
overhead,timer_pair,866,100,0,0,0,0,-1
overhead,timer_pair,867,0,0,0,0,0,-1
overhead,timer_pair,868,0,0,0,0,0,-1
overhead,timer_pair,869,100,0,0,0,0,-1
overhead,timer_pair,870,100,0,0,0,0,-1
overhead,timer_pair,871,0,0,0,0,0,-1
overhead,timer_pair,872,0,0,0,0,0,-1
overhead,timer_pair,873,100,0,0,0,0,-1
overhead,timer_pair,874,0,0,0,0,0,-1
overhead,timer_pair,875,0,0,0,0,0,-1
overhead,timer_pair,876,100,0,0,0,0,-1
overhead,timer_pair,877,100,0,0,0,0,-1
overhead,timer_pair,878,0,0,0,0,0,-1
overhead,timer_pair,879,0,0,0,0,0,-1
overhead,timer_pair,880,0,0,0,0,0,-1
overhead,timer_pair,881,100,0,0,0,0,-1
overhead,timer_pair,882,100,0,0,0,0,-1
overhead,timer_pair,883,0,0,0,0,0,-1
overhead,timer_pair,884,0,0,0,0,0,-1
overhead,timer_pair,885,0,0,0,0,0,-1
overhead,timer_pair,886,0,0,0,0,0,-1
overhead,timer_pair,887,0,0,0,0,0,-1
overhead,timer_pair,888,0,0,0,0,0,-1
overhead,timer_pair,889,0,0,0,0,0,-1
overhead,timer_pair,890,0,0,0,0,0,-1
overhead,timer_pair,891,100,0,0,0,0,-1
overhead,timer_pair,892,100,0,0,0,0,-1
overhead,timer_pair,893,100,0,0,0,0,-1
overhead,timer_pair,894,0,0,0,0,0,-1
overhead,timer_pair,895,0,0,0,0,0,-1
overhead,timer_pair,896,100,0,0,0,0,-1
overhead,timer_pair,897,0,0,0,0,0,-1
overhead,timer_pair,898,0,0,0,0,0,-1
overhead,timer_pair,899,100,0,0,0,0,-1
overhead,timer_pair,900,0,0,0,0,0,-1
overhead,timer_pair,901,100,0,0,0,0,-1
overhead,timer_pair,902,0,0,0,0,0,-1
overhead,timer_pair,903,100,0,0,0,0,-1
overhead,timer_pair,904,0,0,0,0,0,-1
overhead,timer_pair,905,0,0,0,0,0,-1
overhead,timer_pair,906,100,0,0,0,0,-1
overhead,timer_pair,907,0,0,0,0,0,-1
overhead,timer_pair,908,100,0,0,0,0,-1
overhead,timer_pair,909,0,0,0,0,0,-1
overhead,timer_pair,910,100,0,0,0,0,-1
overhead,timer_pair,911,0,0,0,0,0,-1
overhead,timer_pair,912,0,0,0,0,0,-1
overhead,timer_pair,913,0,0,0,0,0,-1
overhead,timer_pair,914,0,0,0,0,0,-1
overhead,timer_pair,915,100,0,0,0,0,-1
overhead,timer_pair,916,0,0,0,0,0,-1
overhead,timer_pair,917,0,0,0,0,0,-1
overhead,timer_pair,918,100,0,0,0,0,-1
overhead,timer_pair,919,100,0,0,0,0,-1
overhead,timer_pair,920,0,0,0,0,0,-1
overhead,timer_pair,921,0,0,0,0,0,-1
overhead,timer_pair,922,100,0,0,0,0,-1
overhead,timer_pair,923,0,0,0,0,0,-1
overhead,timer_pair,924,0,0,0,0,0,-1
overhead,timer_pair,925,0,0,0,0,0,-1
overhead,timer_pair,926,100,0,0,0,0,-1
overhead,timer_pair,927,0,0,0,0,0,-1
overhead,timer_pair,928,0,0,0,0,0,-1
overhead,timer_pair,929,0,0,0,0,0,-1
overhead,timer_pair,930,100,0,0,0,0,-1
overhead,timer_pair,931,0,0,0,0,0,-1
overhead,timer_pair,932,0,0,0,0,0,-1
overhead,timer_pair,933,0,0,0,0,0,-1
overhead,timer_pair,934,100,0,0,0,0,-1
overhead,timer_pair,935,0,0,0,0,0,-1
overhead,timer_pair,936,100,0,0,0,0,-1
overhead,timer_pair,937,0,0,0,0,0,-1
overhead,timer_pair,938,100,0,0,0,0,-1
overhead,timer_pair,939,0,0,0,0,0,-1
overhead,timer_pair,940,0,0,0,0,0,-1
overhead,timer_pair,941,0,0,0,0,0,-1
overhead,timer_pair,942,0,0,0,0,0,-1
overhead,timer_pair,943,100,0,0,0,0,-1
overhead,timer_pair,944,0,0,0,0,0,-1
overhead,timer_pair,945,100,0,0,0,0,-1
overhead,timer_pair,946,0,0,0,0,0,-1
overhead,timer_pair,947,100,0,0,0,0,-1
overhead,timer_pair,948,0,0,0,0,0,-1
overhead,timer_pair,949,100,0,0,0,0,-1
overhead,timer_pair,950,100,0,0,0,0,-1
overhead,timer_pair,951,0,0,0,0,0,-1
overhead,timer_pair,952,0,0,0,0,0,-1
overhead,timer_pair,953,0,0,0,0,0,-1
overhead,timer_pair,954,0,0,0,0,0,-1
overhead,timer_pair,955,0,0,0,0,0,-1
overhead,timer_pair,956,0,0,0,0,0,-1
overhead,timer_pair,957,100,0,0,0,0,-1
overhead,timer_pair,958,0,0,0,0,0,-1
overhead,timer_pair,959,0,0,0,0,0,-1
overhead,timer_pair,960,0,0,0,0,0,-1
overhead,timer_pair,961,100,0,0,0,0,-1
overhead,timer_pair,962,0,0,0,0,0,-1
overhead,timer_pair,963,100,0,0,0,0,-1
overhead,timer_pair,964,0,0,0,0,0,-1
overhead,timer_pair,965,0,0,0,0,0,-1
overhead,timer_pair,966,100,0,0,0,0,-1
overhead,timer_pair,967,100,0,0,0,0,-1
overhead,timer_pair,968,0,0,0,0,0,-1
overhead,timer_pair,969,0,0,0,0,0,-1
overhead,timer_pair,970,100,0,0,0,0,-1
overhead,timer_pair,971,0,0,0,0,0,-1
overhead,timer_pair,972,100,0,0,0,0,-1
overhead,timer_pair,973,0,0,0,0,0,-1
overhead,timer_pair,974,100,0,0,0,0,-1
overhead,timer_pair,975,0,0,0,0,0,-1
overhead,timer_pair,976,0,0,0,0,0,-1
overhead,timer_pair,977,100,0,0,0,0,-1
overhead,timer_pair,978,100,0,0,0,0,-1
overhead,timer_pair,979,0,0,0,0,0,-1
overhead,timer_pair,980,0,0,0,0,0,-1
overhead,timer_pair,981,100,0,0,0,0,-1
overhead,timer_pair,982,0,0,0,0,0,-1
overhead,timer_pair,983,0,0,0,0,0,-1
overhead,timer_pair,984,0,0,0,0,0,-1
overhead,timer_pair,985,0,0,0,0,0,-1
overhead,timer_pair,986,100,0,0,0,0,-1
overhead,timer_pair,987,100,0,0,0,0,-1
overhead,timer_pair,988,0,0,0,0,0,-1
overhead,timer_pair,989,0,0,0,0,0,-1
overhead,timer_pair,990,100,0,0,0,0,-1
overhead,timer_pair,991,0,0,0,0,0,-1
overhead,timer_pair,992,100,0,0,0,0,-1
overhead,timer_pair,993,0,0,0,0,0,-1
overhead,timer_pair,994,100,0,0,0,0,-1
overhead,timer_pair,995,0,0,0,0,0,-1
overhead,timer_pair,996,0,0,0,0,0,-1
overhead,timer_pair,997,0,0,0,0,0,-1
overhead,timer_pair,998,0,0,0,0,0,-1
overhead,timer_pair,999,0,0,0,0,0,-1
search,restore,0,1765600,1000,1,0,0,1
search,HARBOR,0,2202300,25,0,1,0,11
search,NÖRDLICHE,0,1792900,39,0,1,0,32
search,zzzz,0,440800,0,0,0,0,-1
search,clear,0,1213900,1000,1,0,0,1
search,restore,1,3207400,1000,1,0,0,1
search,HARBOR,1,672300,25,1,0,0,11
search,NÖRDLICHE,1,532900,39,1,0,0,32
search,zzzz,1,426600,0,0,0,0,-1
search,clear,1,1897700,1000,1,0,0,1
search,restore,2,1781500,1000,1,0,0,1
search,HARBOR,2,801800,25,1,0,0,11
search,NÖRDLICHE,2,775100,39,1,0,0,32
search,zzzz,2,423900,0,0,0,0,-1
search,clear,2,1110000,1000,1,0,0,1
search,restore,3,1506100,1000,1,0,0,1
search,HARBOR,3,932300,25,1,0,0,11
search,NÖRDLICHE,3,616200,39,1,0,0,32
search,zzzz,3,744100,0,0,0,0,-1
search,clear,3,1220500,1000,1,0,0,1
search,restore,4,1735900,1000,1,0,0,1
search,HARBOR,4,710400,25,1,0,0,11
search,NÖRDLICHE,4,608300,39,1,0,0,32
search,zzzz,4,461900,0,0,0,0,-1
search,clear,4,1249900,1000,1,0,0,1
search,restore,5,1876300,1000,1,0,0,1
search,HARBOR,5,962400,25,1,0,0,11
search,NÖRDLICHE,5,671100,39,1,0,0,32
search,zzzz,5,949100,0,0,0,0,-1
search,clear,5,1254000,1000,1,0,0,1
search,restore,6,1502300,1000,1,0,0,1
search,HARBOR,6,677000,25,1,0,0,11
search,NÖRDLICHE,6,1468400,39,1,0,0,32
search,zzzz,6,470300,0,0,0,0,-1
search,clear,6,1269000,1000,1,0,0,1
search,restore,7,1556100,1000,1,0,0,1
search,HARBOR,7,711600,25,1,0,0,11
search,NÖRDLICHE,7,599000,39,1,0,0,32
search,zzzz,7,508800,0,0,0,0,-1
search,clear,7,1254000,1000,1,0,0,1
search,restore,8,1478400,1000,1,0,0,1
search,HARBOR,8,759700,25,1,0,0,11
search,NÖRDLICHE,8,815700,39,1,0,0,32
search,zzzz,8,491500,0,0,0,0,-1
search,clear,8,1280200,1000,1,0,0,1
search,restore,9,1619200,1000,1,0,0,1
search,HARBOR,9,1102600,25,1,0,0,11
search,NÖRDLICHE,9,768900,39,1,0,0,32
search,zzzz,9,482200,0,0,0,0,-1
search,clear,9,1290400,1000,1,0,0,1
search,restore,10,1446900,1000,1,0,0,1
search,HARBOR,10,698900,25,1,0,0,11
search,NÖRDLICHE,10,595400,39,1,0,0,32
search,zzzz,10,766900,0,0,0,0,-1
search,clear,10,1289100,1000,1,0,0,1
search,restore,11,1668600,1000,1,0,0,1
search,HARBOR,11,814700,25,1,0,0,11
search,NÖRDLICHE,11,668100,39,1,0,0,32
search,zzzz,11,463100,0,0,0,0,-1
search,clear,11,1241500,1000,1,0,0,1
search,restore,12,1679000,1000,1,0,0,1
search,HARBOR,12,704900,25,1,0,0,11
search,NÖRDLICHE,12,585400,39,1,0,0,32
search,zzzz,12,463300,0,0,0,0,-1
search,clear,12,1337100,1000,1,0,0,1
search,restore,13,1607600,1000,1,0,0,1
search,HARBOR,13,673500,25,1,0,0,11
search,NÖRDLICHE,13,584400,39,1,0,0,32
search,zzzz,13,725600,0,0,0,0,-1
search,clear,13,1338200,1000,1,0,0,1
search,restore,14,1563200,1000,1,0,0,1
search,HARBOR,14,726300,25,1,0,0,11
search,NÖRDLICHE,14,635200,39,1,0,0,32
search,zzzz,14,478400,0,0,0,0,-1
search,clear,14,1261500,1000,1,0,0,1
search,restore,15,1464700,1000,1,0,0,1
search,HARBOR,15,715800,25,1,0,0,11
search,NÖRDLICHE,15,654200,39,1,0,0,32
search,zzzz,15,534900,0,0,0,0,-1
search,clear,15,1294200,1000,1,0,0,1
search,restore,16,1528100,1000,1,0,0,1
search,HARBOR,16,688000,25,1,0,0,11
search,NÖRDLICHE,16,592700,39,1,0,0,32
search,zzzz,16,470400,0,0,0,0,-1
search,clear,16,1298100,1000,1,0,0,1
search,restore,17,1558500,1000,1,0,0,1
search,HARBOR,17,692600,25,1,0,0,11
search,NÖRDLICHE,17,604100,39,1,0,0,32
search,zzzz,17,457700,0,0,0,0,-1
search,clear,17,1291700,1000,1,0,0,1
search,restore,18,1538200,1000,1,0,0,1
search,HARBOR,18,669700,25,1,0,0,11
search,NÖRDLICHE,18,592400,39,1,0,0,32
search,zzzz,18,478400,0,0,0,0,-1
search,clear,18,1378600,1000,1,0,0,1
search,restore,19,1462000,1000,1,0,0,1
search,HARBOR,19,727200,25,1,0,0,11
search,NÖRDLICHE,19,650800,39,1,0,0,32
search,zzzz,19,474700,0,0,0,0,-1
search,clear,19,1245000,1000,1,0,0,1
search,restore,20,1456300,1000,1,0,0,1
search,HARBOR,20,696000,25,1,0,0,11
search,NÖRDLICHE,20,593700,39,1,0,0,32
search,zzzz,20,722300,0,0,0,0,-1
search,clear,20,1255100,1000,1,0,0,1
search,restore,21,1806600,1000,1,0,0,1
search,HARBOR,21,693100,25,1,0,0,11
search,NÖRDLICHE,21,603800,39,1,0,0,32
search,zzzz,21,459200,0,0,0,0,-1
search,clear,21,1252200,1000,1,0,0,1
search,restore,22,1465600,1000,1,0,0,1
search,HARBOR,22,694500,25,1,0,0,11
search,NÖRDLICHE,22,752600,39,1,0,0,32
search,zzzz,22,489200,0,0,0,0,-1
search,clear,22,1598400,1000,1,0,0,1
search,restore,23,1435100,1000,1,0,0,1
search,HARBOR,23,698900,25,1,0,0,11
search,NÖRDLICHE,23,594700,39,1,0,0,32
search,zzzz,23,474800,0,0,0,0,-1
search,clear,23,1323400,1000,1,0,0,1
search,restore,24,1463800,1000,1,0,0,1
search,HARBOR,24,745300,25,1,0,0,11
search,NÖRDLICHE,24,594300,39,1,0,0,32
search,zzzz,24,447400,0,0,0,0,-1
search,clear,24,1404700,1000,1,0,0,1
search,restore,25,1654200,1000,1,0,0,1
search,HARBOR,25,709600,25,1,0,0,11
search,NÖRDLICHE,25,580700,39,1,0,0,32
search,zzzz,25,472100,0,0,0,0,-1
search,clear,25,1249300,1000,1,0,0,1
search,restore,26,1554800,1000,1,0,0,1
search,HARBOR,26,772300,25,1,0,0,11
search,NÖRDLICHE,26,595800,39,1,0,0,32
search,zzzz,26,446600,0,0,0,0,-1
search,clear,26,1244600,1000,1,0,0,1
search,restore,27,1544500,1000,1,0,0,1
search,HARBOR,27,700300,25,1,0,0,11
search,NÖRDLICHE,27,600500,39,1,0,0,32
search,zzzz,27,459600,0,0,0,0,-1
search,clear,27,1230800,1000,1,0,0,1
search,restore,28,1426700,1000,1,0,0,1
search,HARBOR,28,668900,25,1,0,0,11
search,NÖRDLICHE,28,579400,39,1,0,0,32
search,zzzz,28,475100,0,0,0,0,-1
search,clear,28,1378300,1000,1,0,0,1
search,restore,29,1541400,1000,1,0,0,1
search,HARBOR,29,709600,25,1,0,0,11
search,NÖRDLICHE,29,807000,39,1,0,0,32
search,zzzz,29,484900,0,0,0,0,-1
search,clear,29,1326000,1000,1,0,0,1
search,restore,30,1443000,1000,1,0,0,1
search,HARBOR,30,720800,25,1,0,0,11
search,NÖRDLICHE,30,582700,39,1,0,0,32
search,zzzz,30,460500,0,0,0,0,-1
search,clear,30,1801500,1000,1,0,0,1
search,restore,31,1699800,1000,1,0,0,1
search,HARBOR,31,772900,25,1,0,0,11
search,NÖRDLICHE,31,593600,39,1,0,0,32
search,zzzz,31,478500,0,0,0,0,-1
search,clear,31,1271200,1000,1,0,0,1
search,restore,32,1550300,1000,1,0,0,1
search,HARBOR,32,731700,25,1,0,0,11
search,NÖRDLICHE,32,742400,39,1,0,0,32
search,zzzz,32,481700,0,0,0,0,-1
search,clear,32,1257200,1000,1,0,0,1
search,restore,33,1698400,1000,1,0,0,1
search,HARBOR,33,718700,25,1,0,0,11
search,NÖRDLICHE,33,594600,39,1,0,0,32
search,zzzz,33,1063400,0,0,0,0,-1
search,clear,33,1275600,1000,1,0,0,1
search,restore,34,1537300,1000,1,0,0,1
search,HARBOR,34,691900,25,1,0,0,11
search,NÖRDLICHE,34,719100,39,1,0,0,32
search,zzzz,34,483200,0,0,0,0,-1
search,clear,34,1242100,1000,1,0,0,1
search,restore,35,1553600,1000,1,0,0,1
search,HARBOR,35,689400,25,1,0,0,11
search,NÖRDLICHE,35,1172800,39,1,0,0,32
search,zzzz,35,457200,0,0,0,0,-1
search,clear,35,1224300,1000,1,0,0,1
search,restore,36,1454000,1000,1,0,0,1
search,HARBOR,36,855600,25,1,0,0,11
search,NÖRDLICHE,36,711000,39,1,0,0,32
search,zzzz,36,642200,0,0,0,0,-1
search,clear,36,1205200,1000,1,0,0,1
search,restore,37,1832800,1000,1,0,0,1
search,HARBOR,37,684300,25,1,0,0,11
search,NÖRDLICHE,37,1128000,39,1,0,0,32
search,zzzz,37,451900,0,0,0,0,-1
search,clear,37,1217100,1000,1,0,0,1
search,restore,38,1426000,1000,1,0,0,1
search,HARBOR,38,723800,25,1,0,0,11
search,NÖRDLICHE,38,597000,39,1,0,0,32
search,zzzz,38,460700,0,0,0,0,-1
search,clear,38,1242200,1000,1,0,0,1
search,restore,39,2118000,1000,1,0,0,1
search,HARBOR,39,689900,25,1,0,0,11
search,NÖRDLICHE,39,662900,39,1,0,0,32
search,zzzz,39,456200,0,0,0,0,-1
search,clear,39,1438400,1000,1,0,0,1
search,restore,40,1436400,1000,1,0,0,1
search,HARBOR,40,716300,25,1,0,0,11
search,NÖRDLICHE,40,595500,39,1,0,0,32
search,zzzz,40,453400,0,0,0,0,-1
search,clear,40,1308100,1000,1,0,0,1
search,restore,41,1379400,1000,1,0,0,1
search,HARBOR,41,946800,25,1,0,0,11
search,NÖRDLICHE,41,598300,39,1,0,0,32
search,zzzz,41,462900,0,0,0,0,-1
search,clear,41,1224400,1000,1,0,0,1
search,restore,42,1524900,1000,1,0,0,1
search,HARBOR,42,754400,25,1,0,0,11
search,NÖRDLICHE,42,873800,39,1,0,0,32
search,zzzz,42,462700,0,0,0,0,-1
search,clear,42,1462900,1000,1,0,0,1
search,restore,43,1368700,1000,1,0,0,1
search,HARBOR,43,704600,25,1,0,0,11
search,NÖRDLICHE,43,584600,39,1,0,0,32
search,zzzz,43,489100,0,0,0,0,-1
search,clear,43,1258500,1000,1,0,0,1
search,restore,44,1516000,1000,1,0,0,1
search,HARBOR,44,689300,25,1,0,0,11
search,NÖRDLICHE,44,672200,39,1,0,0,32
search,zzzz,44,446700,0,0,0,0,-1
search,clear,44,1269600,1000,1,0,0,1
search,restore,45,1541200,1000,1,0,0,1
search,HARBOR,45,683900,25,1,0,0,11
search,NÖRDLICHE,45,588500,39,1,0,0,32
search,zzzz,45,473700,0,0,0,0,-1
search,clear,45,1262100,1000,1,0,0,1
search,restore,46,1474200,1000,1,0,0,1
search,HARBOR,46,703200,25,1,0,0,11
search,NÖRDLICHE,46,662000,39,1,0,0,32
search,zzzz,46,471200,0,0,0,0,-1
search,clear,46,1272400,1000,1,0,0,1
search,restore,47,1570900,1000,1,0,0,1
search,HARBOR,47,944500,25,1,0,0,11
search,NÖRDLICHE,47,627700,39,1,0,0,32
search,zzzz,47,482700,0,0,0,0,-1
search,clear,47,1490500,1000,1,0,0,1
search,restore,48,1466300,1000,1,0,0,1
search,HARBOR,48,687800,25,1,0,0,11
search,NÖRDLICHE,48,578500,39,1,0,0,32
search,zzzz,48,492800,0,0,0,0,-1
search,clear,48,1397600,1000,1,0,0,1
search,restore,49,1614500,1000,1,0,0,1
search,HARBOR,49,751300,25,1,0,0,11
search,NÖRDLICHE,49,626500,39,1,0,0,32
search,zzzz,49,478100,0,0,0,0,-1
search,clear,49,1289900,1000,1,0,0,1
selection,cached,0,9700,1000,1,0,0,1
selection,cached,1,8300,1000,1,0,0,1
selection,cached,2,9700,1000,1,0,0,1
selection,cached,3,30000,1000,1,0,0,1
selection,cached,4,8500,1000,1,0,0,1
selection,cached,5,9800,1000,1,0,0,1
selection,cached,6,9500,1000,1,0,0,1
selection,cached,7,12200,1000,1,0,0,1
selection,cached,8,9800,1000,1,0,0,1
selection,cached,9,10100,1000,1,0,0,1
selection,cached,10,27000,1000,1,0,0,1
selection,cached,11,9400,1000,1,0,0,1
selection,cached,12,19500,1000,1,0,0,1
selection,cached,13,11100,1000,1,0,0,1
selection,cached,14,8500,1000,1,0,0,1
selection,cached,15,9500,1000,1,0,0,1
selection,cached,16,10000,1000,1,0,0,1
selection,cached,17,8900,1000,1,0,0,1
selection,cached,18,10300,1000,1,0,0,1
selection,cached,19,15000,1000,1,0,0,1
selection,cached,20,9600,1000,1,0,0,1
selection,cached,21,9800,1000,1,0,0,1
selection,cached,22,9600,1000,1,0,0,1
selection,cached,23,9600,1000,1,0,0,1
selection,cached,24,9600,1000,1,0,0,1
selection,cached,25,10000,1000,1,0,0,1
selection,cached,26,9400,1000,1,0,0,1
selection,cached,27,9500,1000,1,0,0,1
selection,cached,28,9700,1000,1,0,0,1
selection,cached,29,9300,1000,1,0,0,1
selection,cached,30,9600,1000,1,0,0,1
selection,cached,31,14200,1000,1,0,0,1
selection,cached,32,9900,1000,1,0,0,1
selection,cached,33,9400,1000,1,0,0,1
selection,cached,34,9600,1000,1,0,0,1
selection,cached,35,9600,1000,1,0,0,1
selection,cached,36,8300,1000,1,0,0,1
selection,cached,37,9600,1000,1,0,0,1
selection,cached,38,9100,1000,1,0,0,1
selection,cached,39,9500,1000,1,0,0,1
selection,cached,40,9800,1000,1,0,0,1
selection,cached,41,9700,1000,1,0,0,1
selection,cached,42,9900,1000,1,0,0,1
selection,cached,43,10300,1000,1,0,0,1
selection,cached,44,9100,1000,1,0,0,1
selection,cached,45,40900,1000,1,0,0,1
selection,cached,46,9400,1000,1,0,0,1
selection,cached,47,9700,1000,1,0,0,1
selection,cached,48,9800,1000,1,0,0,1
selection,cached,49,9600,1000,1,0,0,1
selection,explicit_miss,0,879700,1000,0,1,1,1
selection,explicit_miss,1,802200,1000,0,1,1,1
selection,explicit_miss,2,832200,1000,0,1,1,1
selection,explicit_miss,3,854600,1000,0,1,1,1
selection,explicit_miss,4,775900,1000,0,1,1,1
selection,explicit_miss,5,809400,1000,0,1,1,1
selection,explicit_miss,6,830800,1000,0,1,1,1
selection,explicit_miss,7,760600,1000,0,1,1,1
selection,explicit_miss,8,860800,1000,0,1,1,1
selection,explicit_miss,9,859100,1000,0,1,1,1
selection,explicit_miss,10,712200,1000,0,1,1,1
selection,explicit_miss,11,860200,1000,0,1,1,1
selection,explicit_miss,12,841400,1000,0,1,1,1
selection,explicit_miss,13,885800,1000,0,1,1,1
selection,explicit_miss,14,913800,1000,0,1,1,1
selection,explicit_miss,15,928700,1000,0,1,1,1
selection,explicit_miss,16,897600,1000,0,1,1,1
selection,explicit_miss,17,870500,1000,0,1,1,1
selection,explicit_miss,18,931900,1000,0,1,1,1
selection,explicit_miss,19,851200,1000,0,1,1,1
selection,explicit_miss,20,881300,1000,0,1,1,1
selection,explicit_miss,21,902900,1000,0,1,1,1
selection,explicit_miss,22,858900,1000,0,1,1,1
selection,explicit_miss,23,843800,1000,0,1,1,1
selection,explicit_miss,24,852900,1000,0,1,1,1
selection,explicit_miss,25,879600,1000,0,1,1,1
selection,explicit_miss,26,899400,1000,0,1,1,1
selection,explicit_miss,27,938200,1000,0,1,1,1
selection,explicit_miss,28,830500,1000,0,1,1,1
selection,explicit_miss,29,763800,1000,0,1,1,1
selection,explicit_miss,30,906700,1000,0,1,1,1
selection,explicit_miss,31,880700,1000,0,1,1,1
selection,explicit_miss,32,899000,1000,0,1,1,1
selection,explicit_miss,33,1202300,1000,0,1,1,1
selection,explicit_miss,34,868700,1000,0,1,1,1
selection,explicit_miss,35,857700,1000,0,1,1,1
selection,explicit_miss,36,904200,1000,0,1,1,1
selection,explicit_miss,37,884900,1000,0,1,1,1
selection,explicit_miss,38,891100,1000,0,1,1,1
selection,explicit_miss,39,946900,1000,0,1,1,1
selection,explicit_miss,40,917900,1000,0,1,1,1
selection,explicit_miss,41,916300,1000,0,1,1,1
selection,explicit_miss,42,896300,1000,0,1,1,1
selection,explicit_miss,43,851100,1000,0,1,1,1
selection,explicit_miss,44,883200,1000,0,1,1,1
selection,explicit_miss,45,890400,1000,0,1,1,1
selection,explicit_miss,46,858300,1000,0,1,1,1
selection,explicit_miss,47,787200,1000,0,1,1,1
selection,explicit_miss,48,850600,1000,0,1,1,1
selection,explicit_miss,49,889100,1000,0,1,1,1
selection,after_navigation,0,1298100,1000,0,1,1,951
selection,after_navigation,1,37400,1000,1,0,0,952
selection,after_navigation,2,36700,1000,1,0,0,953
selection,after_navigation,3,98600,1000,1,0,0,954
selection,after_navigation,4,45900,1000,1,0,0,955
selection,after_navigation,5,120800,1000,1,0,0,956
selection,after_navigation,6,50500,1000,1,0,0,957
selection,after_navigation,7,42000,1000,1,0,0,958
selection,after_navigation,8,49700,1000,1,0,0,959
selection,after_navigation,9,42300,1000,1,0,0,960
selection,after_navigation,10,40900,1000,1,0,0,961
selection,after_navigation,11,130800,1000,1,0,0,962
selection,after_navigation,12,47600,1000,1,0,0,963
selection,after_navigation,13,42800,1000,1,0,0,964
selection,after_navigation,14,35900,1000,1,0,0,965
selection,after_navigation,15,39100,1000,1,0,0,966
selection,after_navigation,16,36700,1000,1,0,0,967
selection,after_navigation,17,45900,1000,1,0,0,968
selection,after_navigation,18,43100,1000,1,0,0,969
selection,after_navigation,19,40900,1000,1,0,0,970
selection,after_navigation,20,41000,1000,1,0,0,971
selection,after_navigation,21,37100,1000,1,0,0,972
selection,after_navigation,22,42700,1000,1,0,0,973
selection,after_navigation,23,98200,1000,1,0,0,974
selection,after_navigation,24,68100,1000,1,0,0,975
selection,after_navigation,25,36900,1000,1,0,0,976
selection,after_navigation,26,45200,1000,1,0,0,977
selection,after_navigation,27,42100,1000,1,0,0,978
selection,after_navigation,28,36400,1000,1,0,0,979
selection,after_navigation,29,65200,1000,1,0,0,980
selection,after_navigation,30,115100,1000,1,0,0,981
selection,after_navigation,31,43900,1000,1,0,0,982
selection,after_navigation,32,44800,1000,1,0,0,983
selection,after_navigation,33,44300,1000,1,0,0,984
selection,after_navigation,34,139800,1000,1,0,0,985
selection,after_navigation,35,48700,1000,1,0,0,986
selection,after_navigation,36,46100,1000,1,0,0,987
selection,after_navigation,37,63200,1000,1,0,0,988
selection,after_navigation,38,42000,1000,1,0,0,989
selection,after_navigation,39,52700,1000,1,0,0,990
selection,after_navigation,40,50000,1000,1,0,0,991
selection,after_navigation,41,50100,1000,1,0,0,992
selection,after_navigation,42,41300,1000,1,0,0,993
selection,after_navigation,43,50000,1000,1,0,0,994
selection,after_navigation,44,45100,1000,1,0,0,995
selection,after_navigation,45,45200,1000,1,0,0,996
selection,after_navigation,46,43300,1000,1,0,0,997
selection,after_navigation,47,93400,1000,1,0,0,998
selection,after_navigation,48,38300,1000,1,0,0,999
selection,after_navigation,49,49100,1000,1,0,0,1000
selection,after_HARBOR,0,36600,25,1,0,0,11
selection,after_HARBOR,1,20200,25,1,0,0,29
selection,after_HARBOR,2,23100,25,1,0,0,47
selection,after_HARBOR,3,21000,25,1,0,0,65
selection,after_HARBOR,4,38000,25,1,0,0,358
selection,after_HARBOR,5,181600,25,1,0,0,376
selection,after_HARBOR,6,40900,25,1,0,0,394
selection,after_HARBOR,7,35100,25,1,0,0,412
selection,after_HARBOR,8,79400,25,1,0,0,430
selection,after_HARBOR,9,63600,25,1,0,0,448
selection,after_HARBOR,10,128200,25,1,0,0,466
selection,after_HARBOR,11,41600,25,1,0,0,484
selection,after_HARBOR,12,37300,25,1,0,0,502
selection,after_HARBOR,13,39900,25,1,0,0,520
selection,after_HARBOR,14,30500,25,1,0,0,538
selection,after_HARBOR,15,56100,25,1,0,0,556
selection,after_HARBOR,16,40100,25,1,0,0,574
selection,after_HARBOR,17,41900,25,1,0,0,867
selection,after_HARBOR,18,30700,25,1,0,0,885
selection,after_HARBOR,19,42800,25,1,0,0,903
selection,after_HARBOR,20,75100,25,1,0,0,921
selection,after_HARBOR,21,43500,25,1,0,0,939
selection,after_HARBOR,22,66200,25,1,0,0,957
selection,after_HARBOR,23,37200,25,1,0,0,975
selection,after_HARBOR,24,38000,25,1,0,0,993
selection,after_HARBOR,25,41200,25,1,0,0,11
selection,after_HARBOR,26,83600,25,1,0,0,29
selection,after_HARBOR,27,33000,25,1,0,0,47
selection,after_HARBOR,28,37200,25,1,0,0,65
selection,after_HARBOR,29,40600,25,1,0,0,358
selection,after_HARBOR,30,44000,25,1,0,0,376
selection,after_HARBOR,31,33300,25,1,0,0,394
selection,after_HARBOR,32,37100,25,1,0,0,412
selection,after_HARBOR,33,41500,25,1,0,0,430
selection,after_HARBOR,34,60700,25,1,0,0,448
selection,after_HARBOR,35,48100,25,1,0,0,466
selection,after_HARBOR,36,44300,25,1,0,0,484
selection,after_HARBOR,37,36300,25,1,0,0,502
selection,after_HARBOR,38,42100,25,1,0,0,520
selection,after_HARBOR,39,35500,25,1,0,0,538
selection,after_HARBOR,40,26900,25,1,0,0,556
selection,after_HARBOR,41,134700,25,1,0,0,574
selection,after_HARBOR,42,32900,25,1,0,0,867
selection,after_HARBOR,43,32100,25,1,0,0,885
selection,after_HARBOR,44,63600,25,1,0,0,903
selection,after_HARBOR,45,75500,25,1,0,0,921
selection,after_HARBOR,46,40900,25,1,0,0,939
selection,after_HARBOR,47,38000,25,1,0,0,957
selection,after_HARBOR,48,29200,25,1,0,0,975
selection,after_HARBOR,49,39300,25,1,0,0,993
